timestamp,operatorId,machineId,fuelUsed,loadCycles,environment,proximity,safetyViolations,idleTime,safetyBelt
2025-07-04T06:39:45.375Z,OP001,MH01,5.109314842075274,58,normal,4.1205087528684174,2,16,Yes
2025-07-04T06:39:45.391Z,OP002,MH02,14.382381458034551,87,terrain,1.3664011656288793,4,28,Yes
2025-07-04T06:39:45.402Z,OP003,MH03,17.650484083479938,17,rainy,4.740770666773792,0,28,Yes
2025-07-04T06:39:45.403Z,OP004,MH04,15.250375894812565,48,rainy,1.726513998366651,0,1,Yes
2025-07-04T06:39:46.710Z,OP001,MH01,17.54753416982902,16,rainy,4.9071992999877505,5,14,No
2025-07-04T06:39:46.711Z,OP002,MH02,6.221108751422073,14,dusty,1.4617291817773093,2,10,No
2025-07-04T06:39:46.750Z,OP003,MH03,9.676754485442153,25,normal,1.5454115717176449,3,4,Yes
2025-07-04T06:39:46.751Z,OP004,MH04,10.547947012890257,18,rainy,4.607823940929135,2,14,Yes
2025-07-04T06:39:47.952Z,OP001,MH01,7.7206073490299705,51,terrain,2.5404951870234234,3,12,Yes
2025-07-04T06:39:47.954Z,OP002,MH02,16.997576081012387,74,dusty,2.8666794782288263,5,29,Yes
2025-07-04T06:39:47.955Z,OP003,MH03,16.917156917259454,93,dusty,0.23915710209838403,0,2,Yes
2025-07-04T06:39:47.956Z,OP004,MH04,19.513126997209216,11,dusty,4.788444818740599,4,1,No
2025-07-04T06:39:48.983Z,OP001,MH01,15.624130846795824,66,dusty,2.7984001389067448,0,14,Yes
2025-07-04T06:39:48.984Z,OP002,MH02,13.519137045341497,28,dusty,1.3064651419079765,0,20,No
2025-07-04T06:39:48.985Z,OP003,MH03,8.700161390948605,19,dusty,3.454643327957372,1,17,Yes
2025-07-04T06:39:48.985Z,OP004,MH04,19.05644297347517,30,dusty,4.469981123829239,2,18,Yes
2025-07-04T06:39:49.997Z,OP001,MH01,15.368165180063347,91,terrain,0.4283308129998281,0,15,Yes
2025-07-04T06:39:49.999Z,OP002,MH02,9.21596796945165,66,dusty,4.52399000836953,3,14,Yes
2025-07-04T06:39:49.999Z,OP003,MH03,19.869587388531173,34,normal,3.4628729016813082,2,7,Yes
2025-07-04T06:39:50.000Z,OP004,MH04,12.840784674090544,52,rainy,3.4932211855312634,1,16,No
2025-07-04T06:39:51.159Z,OP001,MH01,12.525337600336286,36,dusty,0.9230607444221067,1,3,Yes
2025-07-04T06:39:51.161Z,OP002,MH02,13.379991739579706,54,terrain,3.005031628829723,1,26,Yes
2025-07-04T06:39:51.162Z,OP003,MH03,10.211784123243946,20,rainy,2.206603402915218,3,11,Yes
2025-07-04T06:39:51.164Z,OP004,MH04,12.770803737783643,53,terrain,0.493523386614092,3,9,Yes
2025-07-04T06:39:52.321Z,OP001,MH01,7.124860406771758,81,normal,1.9576034178269413,2,20,Yes
2025-07-04T06:39:52.332Z,OP002,MH02,17.783506858230034,98,rainy,3.09599117061685,5,10,Yes
2025-07-04T06:39:52.333Z,OP003,MH03,7.395583871910428,97,terrain,4.081374277814715,4,18,Yes
2025-07-04T06:39:52.333Z,OP004,MH04,10.86280958413602,34,dusty,4.206220092507445,1,20,Yes
2025-07-04T06:39:53.343Z,OP001,MH01,15.290985794298296,45,rainy,4.554604536078458,1,9,Yes
2025-07-04T06:39:53.344Z,OP002,MH02,16.41212917514233,80,dusty,4.539088104010428,5,23,Yes
2025-07-04T06:39:53.344Z,OP003,MH03,16.10961051135751,13,rainy,3.3597131896345123,3,4,Yes
2025-07-04T06:39:53.345Z,OP004,MH04,16.621614274139077,93,normal,1.8324922347010153,3,11,Yes
2025-07-04T06:39:54.432Z,OP001,MH01,16.384757535760116,43,normal,4.5109020166045894,4,15,Yes
2025-07-04T06:39:54.434Z,OP002,MH02,5.16227645318749,74,rainy,4.108483688760733,1,10,Yes
2025-07-04T06:39:54.434Z,OP003,MH03,5.8078564676176265,36,terrain,1.485543220216587,1,6,Yes
2025-07-04T06:39:54.435Z,OP004,MH04,12.171583807909588,79,dusty,2.3390138779378638,4,25,Yes
2025-07-04T06:39:55.658Z,OP001,MH01,16.576780153225883,85,dusty,1.4422767673100263,3,6,No
2025-07-04T06:39:55.659Z,OP002,MH02,10.17960344959017,95,terrain,1.631859019026095,2,5,Yes
2025-07-04T06:39:55.660Z,OP003,MH03,12.975177745721481,19,normal,1.3686335881813112,2,10,Yes
2025-07-04T06:39:55.661Z,OP004,MH04,8.726636772839335,73,rainy,2.545979388840243,2,13,Yes
2025-07-04T06:39:56.870Z,OP001,MH01,13.77324085229444,45,terrain,2.131841576392028,0,7,No
2025-07-04T06:39:56.873Z,OP002,MH02,16.390959794525145,70,terrain,1.8128023712937873,2,19,Yes
2025-07-04T06:39:56.874Z,OP003,MH03,9.448956478005087,32,dusty,4.756483388010022,0,27,Yes
2025-07-04T06:39:56.875Z,OP004,MH04,7.992278711636998,63,normal,2.8095344764411845,2,10,No
2025-07-04T06:39:58.164Z,OP001,MH01,17.977585781429035,37,terrain,0.15561212569685456,4,30,Yes
2025-07-04T06:39:58.165Z,OP002,MH02,8.158882798142999,39,normal,3.4701333655032625,1,5,Yes
2025-07-04T06:39:58.166Z,OP003,MH03,19.10644796768166,70,terrain,1.687304832956651,5,14,Yes
2025-07-04T06:39:58.167Z,OP004,MH04,15.552323330774147,61,dusty,4.3015059041872625,3,21,Yes
2025-07-04T06:39:59.364Z,OP001,MH01,14.813154176948235,50,normal,2.537702504343846,5,6,Yes
2025-07-04T06:39:59.365Z,OP002,MH02,18.451434920672753,11,rainy,1.9904379594217518,2,15,Yes
2025-07-04T06:39:59.366Z,OP003,MH03,14.366801576513504,58,normal,1.3048537626364771,2,2,Yes
2025-07-04T06:39:59.367Z,OP004,MH04,9.057010799553298,79,normal,3.5290488382682788,3,25,No
2025-07-04T06:40:00.436Z,OP001,MH01,6.661686041807836,90,normal,4.94206261812205,3,2,Yes
2025-07-04T06:40:00.437Z,OP002,MH02,12.460541629496676,73,normal,3.4183868204769836,4,1,Yes
2025-07-04T06:40:00.438Z,OP003,MH03,13.390206958789529,19,dusty,4.2956901012209565,5,16,Yes
2025-07-04T06:40:00.439Z,OP004,MH04,18.062012156333264,45,dusty,2.8196708813568043,4,6,Yes
2025-07-04T06:40:01.562Z,OP001,MH01,17.755237614424974,27,dusty,2.5106866629740194,2,21,No
2025-07-04T06:40:01.564Z,OP002,MH02,12.479502686120808,89,dusty,2.207818092801317,1,10,Yes
2025-07-04T06:40:01.564Z,OP003,MH03,14.457567319725039,77,dusty,0.34511955030937735,4,0,Yes
2025-07-04T06:40:01.565Z,OP004,MH04,6.705436171538235,42,rainy,2.479235857723432,2,22,No
2025-07-04T06:40:05.786Z,OP001,MH01,9.736822925523882,68,dusty,2.284351687930361,0,29,Yes
2025-07-04T06:40:05.788Z,OP002,MH02,15.359660895660113,63,terrain,3.9805531372872656,4,0,Yes
2025-07-04T06:40:05.788Z,OP003,MH03,6.738639007412251,23,normal,1.1877155939637019,2,5,Yes
2025-07-04T06:40:05.789Z,OP004,MH04,14.529352241973811,85,dusty,3.078896212419855,4,5,Yes
2025-07-04T06:40:06.992Z,OP001,MH01,13.409383294811395,41,dusty,4.805455841209928,0,17,Yes
2025-07-04T06:40:06.993Z,OP002,MH02,10.766182453952332,31,rainy,2.8553922749041476,5,3,Yes
2025-07-04T06:40:06.994Z,OP003,MH03,12.200695725289183,10,dusty,2.087166084655511,5,30,No
2025-07-04T06:40:06.994Z,OP004,MH04,16.817905342968608,14,normal,4.970993381837951,3,19,Yes
2025-07-04T06:40:08.154Z,OP001,MH01,13.105329550418839,11,dusty,3.206017376850141,2,9,Yes
2025-07-04T06:40:08.155Z,OP002,MH02,7.837362326545594,84,normal,0.4412016905608507,0,16,Yes
2025-07-04T06:40:08.156Z,OP003,MH03,16.877826401051713,60,rainy,2.7127025545161483,5,27,Yes
2025-07-04T06:40:08.156Z,OP004,MH04,14.915557956855245,31,rainy,3.5172113747086313,1,22,Yes
2025-07-04T06:40:09.378Z,OP001,MH01,19.77774087452594,71,terrain,1.3935916967095459,0,5,Yes
2025-07-04T06:40:09.379Z,OP002,MH02,9.643179850465355,34,terrain,3.1929980184386526,4,27,Yes
2025-07-04T06:40:09.379Z,OP003,MH03,11.241781456873337,17,normal,2.4704737623198088,1,3,Yes
2025-07-04T06:40:09.380Z,OP004,MH04,6.974615462705327,57,rainy,3.6790987580847667,1,27,Yes
2025-07-04T06:40:10.562Z,OP001,MH01,9.413057968393467,82,dusty,2.339135629599874,2,28,Yes
2025-07-04T06:40:10.563Z,OP002,MH02,7.791776082322734,76,dusty,0.006539324149474335,5,12,Yes
2025-07-04T06:40:10.564Z,OP003,MH03,13.687930471795227,66,terrain,1.6190207445672562,2,6,Yes
2025-07-04T06:40:10.565Z,OP004,MH04,19.33408822576634,29,terrain,0.2601687316771001,2,23,No
2025-07-04T06:40:12.061Z,OP001,MH01,9.447648521910974,19,terrain,1.9795678745187244,4,6,Yes
2025-07-04T06:40:12.062Z,OP002,MH02,14.572372642996909,11,rainy,1.7055092307453017,3,12,Yes
2025-07-04T06:40:12.063Z,OP003,MH03,17.99273814346217,35,rainy,0.6095080046160933,1,27,No
2025-07-04T06:40:12.064Z,OP004,MH04,13.224565838911643,99,normal,2.0423060713275785,3,11,No
2025-07-04T06:40:13.148Z,OP001,MH01,8.274616915365252,48,terrain,2.0482643944808836,0,7,Yes
2025-07-04T06:40:13.149Z,OP002,MH02,15.734112776156453,22,dusty,2.153261047045995,0,14,Yes
2025-07-04T06:40:13.150Z,OP003,MH03,17.28677683327448,90,dusty,4.988042412025849,2,26,Yes
2025-07-04T06:40:13.151Z,OP004,MH04,8.117145394137586,26,rainy,3.359113529054319,1,30,Yes
2025-07-04T06:40:14.284Z,OP001,MH01,6.882000758965491,89,normal,0.977062173419051,1,23,No
2025-07-04T06:40:14.286Z,OP002,MH02,16.531874661988535,69,rainy,1.2507473021862885,3,26,No
2025-07-04T06:40:14.286Z,OP003,MH03,17.53045104182243,15,dusty,1.9207777925238019,5,24,Yes
2025-07-04T06:40:14.287Z,OP004,MH04,18.351172684296248,53,dusty,0.9447835806474381,3,15,Yes
2025-07-04T06:40:15.423Z,OP001,MH01,10.366765282757788,86,dusty,3.8012731878049824,1,16,Yes
2025-07-04T06:40:15.426Z,OP002,MH02,9.964595697741348,36,dusty,3.540904826760622,0,12,Yes
2025-07-04T06:40:15.428Z,OP003,MH03,19.935802005167158,51,normal,4.96982912972446,4,8,Yes
2025-07-04T06:40:15.432Z,OP004,MH04,10.761889229533296,79,dusty,0.6057023685416002,1,25,Yes
2025-07-04T06:40:16.529Z,OP001,MH01,13.7416485660422,61,normal,1.9634563000231413,0,9,Yes
2025-07-04T06:40:16.531Z,OP002,MH02,17.849804323216766,26,terrain,4.405568394809406,0,12,Yes
2025-07-04T06:40:16.531Z,OP003,MH03,16.95309426691435,47,dusty,4.33238487600964,5,27,Yes
2025-07-04T06:40:16.531Z,OP004,MH04,9.317521520217973,39,dusty,0.9676751287358271,3,12,No
2025-07-04T06:40:17.827Z,OP001,MH01,18.502373305691005,55,dusty,4.087421927085158,2,2,Yes
2025-07-04T06:40:17.829Z,OP002,MH02,6.790861550804684,86,normal,1.167721927818512,2,3,No
2025-07-04T06:40:17.829Z,OP003,MH03,19.756682060210736,82,rainy,1.7873794735909543,0,23,Yes
2025-07-04T06:40:17.831Z,OP004,MH04,10.046914739055714,52,rainy,0.2851195390923916,4,13,Yes
2025-07-04T06:40:18.879Z,OP001,MH01,7.674731717550062,24,dusty,4.7757314551558485,1,0,Yes
2025-07-04T06:40:18.881Z,OP002,MH02,12.166160154781817,36,normal,0.20012562638845433,0,17,Yes
2025-07-04T06:40:18.882Z,OP003,MH03,5.456818184817573,57,dusty,4.935039176456341,0,25,Yes
2025-07-04T06:40:18.883Z,OP004,MH04,11.15293247437235,70,normal,1.5508488828104454,4,24,Yes
2025-07-04T06:40:20.063Z,OP001,MH01,10.957274158453146,40,dusty,0.9170374286976163,1,10,Yes
2025-07-04T06:40:20.066Z,OP002,MH02,12.027645645377447,44,terrain,2.30769106951184,5,22,No
2025-07-04T06:40:20.067Z,OP003,MH03,7.596429589032942,68,terrain,1.6483042156241385,2,11,Yes
2025-07-04T06:40:20.068Z,OP004,MH04,14.157726444307068,87,normal,2.6451154003017003,3,0,Yes
2025-07-04T06:40:21.351Z,OP001,MH01,17.15179600430588,36,normal,0.12002196448156033,1,27,Yes
2025-07-04T06:40:21.352Z,OP002,MH02,6.750595183342183,60,normal,1.439669414886266,4,4,Yes
2025-07-04T06:40:21.353Z,OP003,MH03,8.04589384892359,15,normal,2.2546896499562896,5,0,Yes
2025-07-04T06:40:21.353Z,OP004,MH04,17.180658879191462,44,dusty,4.642444301026495,4,10,Yes
2025-07-04T06:40:22.542Z,OP001,MH01,6.702047721398294,70,normal,2.6745952761279472,5,0,Yes
2025-07-04T06:40:22.543Z,OP002,MH02,13.567148307813383,62,terrain,2.9666086420185867,3,25,Yes
2025-07-04T06:40:22.544Z,OP003,MH03,14.914639609282922,45,normal,4.107170324618605,3,2,Yes
2025-07-04T06:40:22.544Z,OP004,MH04,14.550202467146839,81,rainy,4.843798877960246,0,27,No
2025-07-04T06:40:23.718Z,OP001,MH01,11.539027765722173,44,dusty,0.3786836925514181,5,15,No
2025-07-04T06:40:23.719Z,OP002,MH02,14.628182553735238,31,dusty,3.022340824079432,1,13,Yes
2025-07-04T06:40:23.720Z,OP003,MH03,17.307767599125505,52,dusty,4.207642686573186,1,28,Yes
2025-07-04T06:40:23.721Z,OP004,MH04,19.797086575386302,94,terrain,2.918694005074766,0,2,Yes
2025-07-04T06:40:24.883Z,OP001,MH01,8.87341969619189,13,rainy,2.4295317683694866,2,22,Yes
2025-07-04T06:40:24.886Z,OP002,MH02,10.058530557275695,54,normal,1.0065907611382308,4,7,Yes
2025-07-04T06:40:24.891Z,OP003,MH03,10.802177034504805,68,terrain,4.144268724967667,3,24,No
2025-07-04T06:40:24.891Z,OP004,MH04,15.542374029927762,85,rainy,4.016693598260285,4,26,Yes
2025-07-04T06:40:25.993Z,OP001,MH01,11.228258845747892,61,normal,3.8606170117523497,3,8,Yes
2025-07-04T06:40:25.995Z,OP002,MH02,11.468683685294803,43,terrain,4.215888829749165,4,14,No
2025-07-04T06:40:25.995Z,OP003,MH03,17.436368144059916,50,terrain,0.1871360222160473,4,20,Yes
2025-07-04T06:40:25.996Z,OP004,MH04,10.03839440070891,65,rainy,1.4816188455314827,3,18,Yes
2025-07-04T06:40:27.281Z,OP001,MH01,7.148491974809934,55,rainy,4.039735267730309,2,19,Yes
2025-07-04T06:40:27.282Z,OP002,MH02,13.64387897572453,60,rainy,0.47717929298218886,2,11,Yes
2025-07-04T06:40:27.283Z,OP003,MH03,9.43506811682918,81,terrain,0.9541576542143854,0,21,Yes
2025-07-04T06:40:27.283Z,OP004,MH04,6.252891359326914,30,terrain,3.658502074976994,4,2,Yes
2025-07-04T06:40:28.439Z,OP001,MH01,18.719975618342076,19,dusty,1.7003685670997803,2,10,Yes
2025-07-04T06:40:28.440Z,OP002,MH02,18.933418383491976,94,terrain,4.7165151189246295,4,30,Yes
2025-07-04T06:40:28.446Z,OP003,MH03,9.703028466779374,20,dusty,4.082769308308384,2,27,Yes
2025-07-04T06:40:28.446Z,OP004,MH04,12.759500870791168,74,dusty,3.7442810184218915,3,21,Yes
2025-07-04T06:40:29.575Z,OP001,MH01,16.15335919969494,73,dusty,1.601694254407597,3,27,Yes
2025-07-04T06:40:29.577Z,OP002,MH02,19.253484669403967,12,normal,4.763004728449705,5,17,Yes
2025-07-04T06:40:29.577Z,OP003,MH03,11.747492758307928,69,normal,3.8369465490305092,4,23,Yes
2025-07-04T06:40:29.578Z,OP004,MH04,14.454082320356957,72,normal,1.5702378067389788,0,18,Yes
2025-07-04T06:40:30.604Z,OP001,MH01,13.502893002859633,60,rainy,2.507958317187441,1,8,Yes
2025-07-04T06:40:30.606Z,OP002,MH02,12.726433228558012,86,dusty,1.9485223390247515,0,15,Yes
2025-07-04T06:40:30.607Z,OP003,MH03,12.956978273056217,20,rainy,0.12414990409940319,2,15,Yes
2025-07-04T06:40:30.608Z,OP004,MH04,15.262736591838152,14,dusty,4.152157167520056,3,0,Yes
2025-07-04T06:40:31.641Z,OP001,MH01,11.810461157640566,65,terrain,1.60196436675071,1,30,No
2025-07-04T06:40:31.643Z,OP002,MH02,8.091549645919056,31,normal,1.713538643182102,0,26,No
2025-07-04T06:40:31.644Z,OP003,MH03,16.09434967593405,61,rainy,0.12481996966035913,1,13,Yes
2025-07-04T06:40:31.644Z,OP004,MH04,17.700987885312642,41,rainy,2.7726372517715827,3,15,Yes
2025-07-04T06:40:32.648Z,OP001,MH01,16.726897539276973,91,rainy,3.935516523048126,5,5,Yes
2025-07-04T06:40:32.649Z,OP002,MH02,17.138179240997452,15,normal,3.391254598920223,4,19,Yes
2025-07-04T06:40:32.649Z,OP003,MH03,17.392387676487623,10,normal,0.9078222842004713,3,26,No
2025-07-04T06:40:32.650Z,OP004,MH04,17.252189181278485,12,rainy,3.620421437135729,2,3,Yes
2025-07-04T06:40:33.803Z,OP001,MH01,18.177596882375013,45,dusty,1.24740790229747,1,3,Yes
2025-07-04T06:40:33.804Z,OP002,MH02,13.158592370564445,97,terrain,2.2405249576630264,4,22,Yes
2025-07-04T06:40:33.805Z,OP003,MH03,16.891827404924882,80,dusty,3.64766038958491,4,18,Yes
2025-07-04T06:40:33.806Z,OP004,MH04,17.995052619937095,66,normal,0.3720033021981939,0,15,Yes
2025-07-04T06:40:34.850Z,OP001,MH01,9.4990481341732,66,dusty,2.6237770911177973,3,28,Yes
2025-07-04T06:40:34.852Z,OP002,MH02,6.408784336730482,18,terrain,1.1147198341628317,5,15,Yes
2025-07-04T06:40:34.852Z,OP003,MH03,16.378490943588133,46,normal,4.85538475431997,2,7,Yes
2025-07-04T06:40:34.852Z,OP004,MH04,6.015245531707817,19,terrain,0.914169080268975,0,27,No
2025-07-04T06:40:35.943Z,OP001,MH01,5.065822322736319,75,normal,3.3239854315221202,4,19,Yes
2025-07-04T06:40:35.945Z,OP002,MH02,13.359511067436614,81,normal,3.052417954408683,0,10,Yes
2025-07-04T06:40:35.947Z,OP003,MH03,13.210175003851209,18,rainy,0.7161075662023797,4,16,Yes
2025-07-04T06:40:35.947Z,OP004,MH04,12.447785273710808,87,dusty,0.8945916534890241,3,5,Yes
2025-07-04T06:40:36.924Z,OP001,MH01,7.02947733874969,41,dusty,2.0220347824280527,4,7,Yes
2025-07-04T06:40:36.925Z,OP002,MH02,6.72710844148043,76,terrain,1.8205468855115785,2,12,Yes
2025-07-04T06:40:36.926Z,OP003,MH03,15.2375896169098,19,rainy,2.6709887382985253,1,5,No
2025-07-04T06:40:36.927Z,OP004,MH04,18.759573567437663,82,rainy,1.930109138784069,3,11,No
2025-07-04T06:40:38.358Z,OP001,MH01,19.22344615496185,45,terrain,2.9070099804876977,0,16,Yes
2025-07-04T06:40:38.359Z,OP002,MH02,18.721130273176712,13,rainy,4.365634001751956,3,19,Yes
2025-07-04T06:40:38.359Z,OP003,MH03,13.904413339796942,71,terrain,4.544752026451023,0,6,Yes
2025-07-04T06:40:38.360Z,OP004,MH04,15.899254556169398,63,normal,2.8669446323365753,0,22,Yes
2025-07-04T06:42:03.658Z,OP001,MH01,19.44732003704687,94,rainy,2.683725572220092,5,17,Yes
2025-07-04T06:42:03.669Z,OP002,MH02,14.050878043891698,53,normal,3.2247828572146813,0,9,Yes
2025-07-04T06:42:03.684Z,OP003,MH03,10.343738777355336,55,normal,2.9016396122057166,3,14,No
2025-07-04T06:42:03.687Z,OP004,MH04,10.02318657945203,44,normal,3.7168403749426178,0,29,Yes
2025-07-04T06:42:04.775Z,OP001,MH01,7.4409267780615815,97,dusty,2.6544237798535586,2,30,Yes
2025-07-04T06:42:04.776Z,OP002,MH02,13.541959517498206,69,terrain,2.6463572200657386,3,21,Yes
2025-07-04T06:42:04.778Z,OP003,MH03,10.374897024925883,54,terrain,0.28825114160534404,5,18,Yes
2025-07-04T06:42:04.780Z,OP004,MH04,8.102660115144449,76,rainy,0.9557929195298398,1,4,Yes
2025-07-04T06:42:05.765Z,OP001,MH01,14.79790953104803,18,terrain,2.3520427976908698,0,28,Yes
2025-07-04T06:42:05.768Z,OP002,MH02,8.858843457872197,34,normal,0.9895137363648698,1,0,Yes
2025-07-04T06:42:05.769Z,OP003,MH03,6.316671373048955,94,dusty,2.088420304970768,1,24,Yes
2025-07-04T06:42:05.769Z,OP004,MH04,9.207048287072524,74,dusty,4.76378053508344,3,27,Yes
2025-07-04T06:42:06.704Z,OP001,MH01,13.217926329721738,53,terrain,3.0489332840197427,5,29,Yes
2025-07-04T06:42:06.706Z,OP002,MH02,18.64711887464979,13,dusty,2.255790997319024,3,12,Yes
2025-07-04T06:42:06.708Z,OP003,MH03,10.620697278112452,24,normal,2.650952738405625,2,26,Yes
2025-07-04T06:42:06.709Z,OP004,MH04,17.20512745385638,50,terrain,4.156184596325219,3,24,No
2025-07-04T06:42:07.754Z,OP001,MH01,5.0698104029944435,71,terrain,4.480070085296839,3,28,Yes
2025-07-04T06:42:07.756Z,OP002,MH02,16.735668880289094,53,rainy,1.5480763248423723,2,27,Yes
2025-07-04T06:42:07.756Z,OP003,MH03,15.494520208297816,76,dusty,0.47147099787160973,1,13,Yes
2025-07-04T06:42:07.757Z,OP004,MH04,15.080132844204172,37,dusty,1.1986296377562637,2,19,Yes
2025-07-04T06:42:08.748Z,OP001,MH01,19.36858037075325,40,rainy,0.13063718498839916,4,6,Yes
2025-07-04T06:42:08.750Z,OP002,MH02,11.527479987312411,67,normal,0.13872398158057853,0,28,No
2025-07-04T06:42:08.760Z,OP003,MH03,6.349264274828768,81,dusty,1.500272953303727,2,17,Yes
2025-07-04T06:42:08.763Z,OP004,MH04,5.100678482800619,23,normal,3.8184060613212094,3,28,Yes
2025-07-04T06:42:09.793Z,OP001,MH01,16.686781765174672,60,terrain,0.6517936811214603,5,15,Yes
2025-07-04T06:42:09.794Z,OP002,MH02,15.136935111794402,42,normal,1.03273926635084,0,10,Yes
2025-07-04T06:42:09.794Z,OP003,MH03,5.586602330398943,11,normal,3.9817392476722926,2,8,Yes
2025-07-04T06:42:09.795Z,OP004,MH04,10.42508859196369,97,rainy,0.21730854652097897,0,3,Yes
2025-07-04T06:42:10.967Z,OP001,MH01,9.590252674352076,81,normal,3.9861574626952727,3,0,Yes
2025-07-04T06:42:10.969Z,OP002,MH02,5.83542128701268,84,normal,2.9200742447301744,3,28,Yes
2025-07-04T06:42:10.971Z,OP003,MH03,15.095674527857058,33,rainy,2.0013128842943617,4,25,Yes
2025-07-04T06:42:10.973Z,OP004,MH04,8.869039352477579,94,normal,0.7433842847760241,4,24,No
2025-07-04T06:42:12.036Z,OP001,MH01,5.407234490480638,87,terrain,2.984398619678876,3,28,Yes
2025-07-04T06:42:12.039Z,OP002,MH02,13.64389730943611,90,normal,3.6065027263198504,1,30,Yes
2025-07-04T06:42:12.040Z,OP003,MH03,16.42643935673123,50,rainy,3.162200370870111,4,18,Yes
2025-07-04T06:42:12.041Z,OP004,MH04,16.357106767735097,77,normal,3.6440418735315205,2,11,Yes
2025-07-04T06:42:13.256Z,OP001,MH01,16.589355779019467,97,normal,1.1109204440866383,5,17,Yes
2025-07-04T06:42:13.257Z,OP002,MH02,10.481450193503216,44,rainy,2.2554819241694735,4,16,No
2025-07-04T06:42:13.258Z,OP003,MH03,13.22232453355572,29,rainy,1.6009030592964186,2,1,Yes
2025-07-04T06:42:13.258Z,OP004,MH04,10.70317741045418,88,dusty,3.892244779098182,4,7,Yes
2025-07-04T06:42:14.263Z,OP001,MH01,11.433551705762246,84,dusty,1.164556905011157,1,20,Yes
2025-07-04T06:42:14.270Z,OP002,MH02,18.59651032374665,27,dusty,4.557023191159397,3,17,Yes
2025-07-04T06:42:14.272Z,OP003,MH03,19.924639433712542,45,normal,1.3880326421354339,5,12,Yes
2025-07-04T06:42:14.280Z,OP004,MH04,8.968118520899388,22,terrain,1.6814020612881397,3,30,Yes
2025-07-04T06:42:15.464Z,OP001,MH01,15.527210740522913,33,terrain,0.7462784523295302,2,7,Yes
2025-07-04T06:42:15.467Z,OP002,MH02,9.544587491936372,57,dusty,1.6518466091386375,3,7,Yes
2025-07-04T06:42:15.470Z,OP003,MH03,11.50924880422452,36,rainy,4.4998668486074465,2,28,Yes
2025-07-04T06:42:15.472Z,OP004,MH04,12.088925255404241,98,rainy,4.081528229648076,3,25,Yes
2025-07-04T06:42:16.680Z,OP001,MH01,19.252303350944654,23,rainy,0.020633653211828418,1,21,Yes
2025-07-04T06:42:16.682Z,OP002,MH02,12.99603395164016,73,terrain,3.9975609098248235,2,20,Yes
2025-07-04T06:42:16.683Z,OP003,MH03,15.654245844258323,28,rainy,1.2604056485925463,4,5,Yes
2025-07-04T06:42:16.684Z,OP004,MH04,10.489928570334458,91,dusty,4.696614191515605,3,9,Yes
2025-07-04T06:42:17.712Z,OP001,MH01,15.271923725789394,16,normal,3.575240577958536,3,19,Yes
2025-07-04T06:42:17.713Z,OP002,MH02,6.017184939660157,85,rainy,4.15913691491825,0,16,Yes
2025-07-04T06:42:17.713Z,OP003,MH03,12.535134070926102,87,terrain,0.6720434107330359,2,26,No
2025-07-04T06:42:17.714Z,OP004,MH04,16.07986463545206,28,dusty,1.3092927299818107,4,27,No
2025-07-04T06:42:18.737Z,OP001,MH01,11.684175612722203,78,normal,4.3315215338818085,3,26,No
2025-07-04T06:42:18.740Z,OP002,MH02,19.589190605585294,57,rainy,3.0368605825148616,5,15,Yes
2025-07-04T06:42:18.742Z,OP003,MH03,9.265168458296095,78,normal,2.430603752789394,2,22,No
2025-07-04T06:42:18.748Z,OP004,MH04,5.5558384101090255,49,normal,2.732179174836797,0,27,Yes
2025-07-04T06:42:19.721Z,OP001,MH01,5.670840097091146,94,rainy,4.538428141129839,4,28,Yes
2025-07-04T06:42:19.722Z,OP002,MH02,7.855048903280711,88,normal,0.9184414863822016,3,7,Yes
2025-07-04T06:42:19.726Z,OP003,MH03,18.11051992778916,69,dusty,2.33391304806493,5,20,Yes
2025-07-04T06:42:19.727Z,OP004,MH04,12.395865932725272,50,dusty,1.614663358771582,4,28,Yes
2025-07-04T06:42:20.855Z,OP001,MH01,10.474947462391231,94,dusty,3.3373865600878547,2,25,Yes
2025-07-04T06:42:20.857Z,OP002,MH02,12.569241795672472,71,normal,3.3587565183254116,1,0,Yes
2025-07-04T06:42:20.858Z,OP003,MH03,11.67238314973329,63,dusty,2.502679507561223,1,24,Yes
2025-07-04T06:42:20.858Z,OP004,MH04,15.821446645125148,96,dusty,4.2067171267024355,3,23,No
2025-07-04T06:42:22.087Z,OP001,MH01,5.832348902547299,13,dusty,2.9861337661087712,1,26,Yes
2025-07-04T06:42:22.089Z,OP002,MH02,9.138929673622851,69,normal,0.3188689820753504,5,30,Yes
2025-07-04T06:42:22.089Z,OP003,MH03,17.842153716506026,91,terrain,3.990166456495334,4,28,Yes
2025-07-04T06:42:22.089Z,OP004,MH04,13.633434832553299,80,dusty,1.6277163247972204,1,10,Yes
2025-07-04T06:42:23.199Z,OP001,MH01,16.547717824049585,60,rainy,2.928979164765924,3,20,Yes
2025-07-04T06:42:23.200Z,OP002,MH02,10.817848750996273,95,rainy,1.098382188274477,4,15,No
2025-07-04T06:42:23.202Z,OP003,MH03,16.05140002070134,92,rainy,4.289466706681914,2,16,Yes
2025-07-04T06:42:23.203Z,OP004,MH04,8.327815258037054,63,rainy,1.8787276744864463,2,12,Yes
2025-07-04T06:42:24.288Z,OP001,MH01,17.11016434022836,34,normal,1.0611672885757029,4,7,No
2025-07-04T06:42:24.290Z,OP002,MH02,15.225736054589404,83,rainy,1.8083958675888452,1,19,Yes
2025-07-04T06:42:24.293Z,OP003,MH03,5.9905489063044355,53,rainy,4.095973277767829,3,28,Yes
2025-07-04T06:42:24.295Z,OP004,MH04,6.047438684882691,67,terrain,3.2568719872821235,2,1,Yes
2025-07-04T06:42:25.614Z,OP001,MH01,11.671535072572365,74,dusty,4.2742760897523535,1,20,Yes
2025-07-04T06:42:25.616Z,OP002,MH02,10.447447315572443,59,terrain,0.5864303012628053,4,15,No
2025-07-04T06:42:25.616Z,OP003,MH03,16.452957908650774,60,rainy,0.046102334314926385,3,17,Yes
2025-07-04T06:42:25.617Z,OP004,MH04,9.524628747344586,90,terrain,4.185312557712375,0,24,Yes
2025-07-04T06:42:26.789Z,OP001,MH01,7.326553749535293,97,normal,3.054187241817094,2,30,Yes
2025-07-04T06:42:26.790Z,OP002,MH02,14.928661495533051,36,terrain,3.7427501087450437,5,19,No
2025-07-04T06:42:26.791Z,OP003,MH03,13.553266606222106,84,dusty,4.791981489686271,4,24,Yes
2025-07-04T06:42:26.791Z,OP004,MH04,8.765811691891559,70,rainy,1.6061919654331336,4,27,Yes
2025-07-04T06:42:27.834Z,OP001,MH01,6.089997943537733,21,terrain,4.016453180887884,0,23,Yes
2025-07-04T06:42:27.836Z,OP002,MH02,16.40234457107645,55,terrain,1.9016566514638111,5,25,No
2025-07-04T06:42:27.837Z,OP003,MH03,12.546467741663268,79,terrain,2.816870407732031,0,15,No
2025-07-04T06:42:27.838Z,OP004,MH04,13.537612779001408,99,terrain,4.894222047817533,3,25,Yes
2025-07-04T06:42:28.796Z,OP001,MH01,13.648577156355596,43,terrain,2.4382590337165757,2,8,No
2025-07-04T06:42:28.798Z,OP002,MH02,9.156256878903704,50,rainy,1.9929138429144206,3,8,Yes
2025-07-04T06:42:28.798Z,OP003,MH03,17.557348146848952,55,dusty,4.932514941543015,1,29,Yes
2025-07-04T06:42:28.799Z,OP004,MH04,16.089552462271797,21,normal,3.521445783389565,3,10,No
2025-07-04T06:42:29.791Z,OP001,MH01,11.885377226159155,44,rainy,4.832049371109074,5,30,Yes
2025-07-04T06:42:29.793Z,OP002,MH02,17.392620450944086,10,normal,2.4197236375735005,0,14,Yes
2025-07-04T06:42:29.793Z,OP003,MH03,9.26637963990342,100,terrain,3.683136335412338,1,12,Yes
2025-07-04T06:42:29.794Z,OP004,MH04,14.897963788150662,21,rainy,1.7309100460835776,4,27,No
2025-07-04T06:42:30.831Z,OP001,MH01,15.219513571079583,27,normal,0.6241688898359343,1,11,Yes
2025-07-04T06:42:30.832Z,OP002,MH02,8.332494107448511,46,terrain,1.874438513542556,3,14,Yes
2025-07-04T06:42:30.833Z,OP003,MH03,12.623496041373805,39,normal,3.9218234302699804,2,9,No
2025-07-04T06:42:30.834Z,OP004,MH04,9.594654473741768,71,normal,0.6940112402178022,3,5,Yes
2025-07-04T06:42:31.959Z,OP001,MH01,12.282739901975095,34,normal,3.644988016782472,5,30,Yes
2025-07-04T06:42:31.961Z,OP002,MH02,18.45686906684719,64,terrain,4.176377485561396,3,25,Yes
2025-07-04T06:42:31.964Z,OP003,MH03,19.09228353511281,93,rainy,2.5553917459413307,2,23,Yes
2025-07-04T06:42:31.966Z,OP004,MH04,17.826701471034745,57,rainy,4.928563881050937,5,24,Yes
2025-07-04T06:42:32.975Z,OP001,MH01,6.599457561887726,94,dusty,3.0654083912587184,3,6,Yes
2025-07-04T06:42:32.977Z,OP002,MH02,14.840097504221664,89,normal,3.466128515556483,3,23,Yes
2025-07-04T06:42:32.977Z,OP003,MH03,6.059254310343449,18,dusty,2.2630527827198725,4,12,Yes
2025-07-04T06:42:32.978Z,OP004,MH04,11.822139362980158,69,terrain,4.8109678648642955,3,0,Yes
2025-07-04T06:42:33.991Z,OP001,MH01,6.437931053540533,25,rainy,4.167833203867294,3,1,Yes
2025-07-04T06:42:33.993Z,OP002,MH02,6.176758328591902,75,rainy,1.226081673163903,0,17,Yes
2025-07-04T06:42:33.993Z,OP003,MH03,16.964109949301704,19,rainy,1.732747919153013,4,13,Yes
2025-07-04T06:42:33.994Z,OP004,MH04,18.890311325670517,30,normal,0.030131688702605408,5,30,Yes
2025-07-04T06:42:35.064Z,OP001,MH01,14.529893882201145,86,terrain,1.6614702695038908,0,11,Yes
2025-07-04T06:42:35.065Z,OP002,MH02,19.429897079043958,27,terrain,0.6384536320050543,4,22,No
2025-07-04T06:42:35.066Z,OP003,MH03,13.173893826171486,22,terrain,4.743552184965487,1,24,Yes
2025-07-04T06:42:35.070Z,OP004,MH04,5.314776169264887,59,terrain,1.2076689592392786,3,15,Yes
2025-07-04T06:42:36.306Z,OP001,MH01,9.295570565053868,25,dusty,1.951435087406927,4,25,No
2025-07-04T06:42:36.307Z,OP002,MH02,11.979357763566586,19,terrain,0.17842294132149328,1,3,Yes
2025-07-04T06:42:36.308Z,OP003,MH03,15.465969007306313,28,rainy,1.3012693207836645,5,24,No
2025-07-04T06:42:36.310Z,OP004,MH04,9.455690551704205,20,terrain,1.0287627672239146,4,9,Yes
2025-07-04T06:42:37.415Z,OP001,MH01,15.32209372806141,73,rainy,0.014308707234630957,2,5,Yes
2025-07-04T06:42:37.418Z,OP002,MH02,15.477558126649948,20,terrain,3.1870481870487932,1,1,No
2025-07-04T06:42:37.420Z,OP003,MH03,17.13678556987039,90,normal,3.9357453279101042,3,7,Yes
2025-07-04T06:42:37.421Z,OP004,MH04,19.236757839287478,82,normal,0.1973273531372982,3,10,Yes
2025-07-04T06:42:38.409Z,OP001,MH01,8.295407213477834,70,normal,3.618764712887668,2,20,Yes
2025-07-04T06:42:38.411Z,OP002,MH02,17.580847172264072,18,dusty,2.2897955559120984,5,21,Yes
2025-07-04T06:42:38.413Z,OP003,MH03,17.50500289570448,47,dusty,1.7852267504413655,1,14,Yes
2025-07-04T06:42:38.413Z,OP004,MH04,15.810393546981063,43,dusty,2.5664304103503444,2,0,Yes
2025-07-04T06:42:39.457Z,OP001,MH01,16.571214622296765,59,rainy,3.9250998632634566,2,1,No
2025-07-04T06:42:39.459Z,OP002,MH02,17.03418805754784,97,terrain,2.2000842249348644,1,16,Yes
2025-07-04T06:42:39.460Z,OP003,MH03,18.026929583371082,48,terrain,1.0447959180803563,2,30,Yes
2025-07-04T06:42:39.460Z,OP004,MH04,18.756045447860835,10,terrain,4.892403155302483,2,22,Yes
2025-07-04T06:42:40.473Z,OP001,MH01,5.119570942810305,70,terrain,0.45869788268949385,5,7,Yes
2025-07-04T06:42:40.475Z,OP002,MH02,10.696300404548952,19,normal,1.6341802743401823,3,7,No
2025-07-04T06:42:40.477Z,OP003,MH03,8.52667894779566,83,terrain,4.602045765771124,3,4,Yes
2025-07-04T06:42:40.478Z,OP004,MH04,11.033209136104066,80,rainy,1.2466027648758427,0,17,Yes
2025-07-04T06:42:41.486Z,OP001,MH01,9.761423353763174,14,dusty,4.705293373069319,3,3,Yes
2025-07-04T06:42:41.488Z,OP002,MH02,17.515778718751733,63,rainy,3.480782880457631,0,14,Yes
2025-07-04T06:42:41.489Z,OP003,MH03,12.36596290667012,37,rainy,3.2962589546578105,3,8,Yes
2025-07-04T06:42:41.490Z,OP004,MH04,16.78473188314463,60,normal,2.2655464737623703,4,1,Yes
2025-07-04T06:42:42.624Z,OP001,MH01,7.185638459257541,33,normal,1.5956721022519722,3,29,Yes
2025-07-04T06:42:42.626Z,OP002,MH02,9.431443205202303,25,rainy,2.1682531845860304,5,11,No
2025-07-04T06:42:42.629Z,OP003,MH03,5.004799169360149,21,dusty,3.8723910069082375,5,9,No
2025-07-04T06:42:42.632Z,OP004,MH04,5.906796166746806,48,terrain,0.72502008914067,0,27,Yes
2025-07-04T06:42:43.790Z,OP001,MH01,19.53449682760695,81,rainy,3.930350119549229,4,20,Yes
2025-07-04T06:42:43.792Z,OP002,MH02,5.685568982505461,19,dusty,0.6864928462831033,3,17,Yes
2025-07-04T06:42:43.792Z,OP003,MH03,9.21542281857784,82,normal,3.9387980235641225,3,11,No
2025-07-04T06:42:43.794Z,OP004,MH04,14.257078760166163,72,dusty,1.5243702306744704,4,24,Yes
2025-07-04T06:42:44.858Z,OP001,MH01,19.92465668017683,14,rainy,3.33195382824031,4,25,Yes
2025-07-04T06:42:44.861Z,OP002,MH02,9.974227182894843,50,terrain,0.2927694019119187,4,23,Yes
2025-07-04T06:42:44.864Z,OP003,MH03,14.496428399590474,31,terrain,1.3077545207792196,2,29,Yes
2025-07-04T06:42:44.864Z,OP004,MH04,8.220932670297927,96,rainy,0.4056182844613976,4,19,No
2025-07-04T06:42:45.968Z,OP001,MH01,5.368362371914571,46,rainy,2.0591378980387143,1,28,Yes
2025-07-04T06:42:45.969Z,OP002,MH02,16.508372876586378,26,dusty,1.5122068474412897,4,5,No
2025-07-04T06:42:45.970Z,OP003,MH03,7.880993809303344,27,terrain,0.1961649131812121,3,19,Yes
2025-07-04T06:42:45.970Z,OP004,MH04,18.911089806302734,75,dusty,3.174477419164732,3,1,Yes
2025-07-04T06:42:47.157Z,OP001,MH01,7.912452690320305,47,dusty,0.7828735909802864,5,22,Yes
2025-07-04T06:42:47.159Z,OP002,MH02,6.571564357968656,70,rainy,1.0414036284395134,4,3,Yes
2025-07-04T06:42:47.160Z,OP003,MH03,17.194480353224414,51,dusty,3.0826466815464357,4,29,Yes
2025-07-04T06:42:47.163Z,OP004,MH04,17.414071645357367,11,terrain,0.24735308943180434,1,5,Yes
2025-07-04T06:42:48.444Z,OP001,MH01,7.943421210192293,26,normal,4.199933268755663,5,25,Yes
2025-07-04T06:42:48.449Z,OP002,MH02,6.35264835354784,16,rainy,3.779874789092592,2,17,Yes
2025-07-04T06:42:48.451Z,OP003,MH03,11.933879551080693,24,terrain,4.938662921134075,1,28,Yes
2025-07-04T06:42:48.452Z,OP004,MH04,11.595022670075133,88,rainy,0.7999831895534365,1,16,No
2025-07-04T06:42:49.642Z,OP001,MH01,12.959242363016932,41,normal,1.923960686462638,4,3,No
2025-07-04T06:42:49.645Z,OP002,MH02,17.091073040611576,20,rainy,2.487699617368811,3,6,Yes
2025-07-04T06:42:49.645Z,OP003,MH03,14.28784509937936,37,normal,4.761465904906025,4,28,Yes
2025-07-04T06:42:49.646Z,OP004,MH04,11.641167824354298,34,dusty,3.3298363356665206,1,27,Yes
2025-07-04T06:42:50.639Z,OP001,MH01,17.84288898124675,46,normal,2.1238954009310924,1,23,Yes
2025-07-04T06:42:50.641Z,OP002,MH02,9.007752771037286,72,dusty,4.400120405517777,2,27,Yes
2025-07-04T06:42:50.641Z,OP003,MH03,11.709709420432516,72,rainy,4.503062274321087,3,2,Yes
2025-07-04T06:42:50.642Z,OP004,MH04,7.896330589387707,75,normal,3.4712624923715287,2,28,Yes
2025-07-04T06:42:51.671Z,OP001,MH01,18.14482288588225,39,normal,1.117956636608527,0,8,Yes
2025-07-04T06:42:51.673Z,OP002,MH02,15.464637468403549,36,normal,3.77321645707077,2,13,Yes
2025-07-04T06:42:51.673Z,OP003,MH03,15.70820441172395,25,dusty,0.5623228792796547,3,1,Yes
2025-07-04T06:42:51.674Z,OP004,MH04,15.675549554968406,79,dusty,0.6588342598732022,4,1,Yes
2025-07-04T06:42:52.948Z,OP001,MH01,5.134332514443772,86,normal,1.8360459370549758,3,22,Yes
2025-07-04T06:42:52.950Z,OP002,MH02,14.585314438612311,30,normal,1.5066285258619416,3,2,No
2025-07-04T06:42:52.951Z,OP003,MH03,17.86406722364329,28,terrain,0.27093638684420274,5,8,Yes
2025-07-04T06:42:52.952Z,OP004,MH04,10.451795381127674,40,normal,1.188837869396534,1,25,Yes
2025-07-04T06:42:54.123Z,OP001,MH01,10.196228012036585,73,dusty,0.7525585171218779,4,14,Yes
2025-07-04T06:42:54.125Z,OP002,MH02,11.612410231986892,51,terrain,2.773187856940905,0,13,Yes
2025-07-04T06:42:54.125Z,OP003,MH03,8.20216304319807,18,terrain,4.675815477512919,2,27,Yes
2025-07-04T06:42:54.126Z,OP004,MH04,9.644359204308772,46,rainy,4.5937886163910315,4,27,Yes
2025-07-04T06:42:55.264Z,OP001,MH01,14.365367621674078,15,terrain,0.7282753768565253,2,1,Yes
2025-07-04T06:42:55.265Z,OP002,MH02,8.988187955513984,26,rainy,1.5279915406940119,3,14,No
2025-07-04T06:42:55.266Z,OP003,MH03,14.175445019385506,70,terrain,0.8837537727358163,3,3,No
2025-07-04T06:42:55.266Z,OP004,MH04,9.205437478967122,93,rainy,2.866808431403716,5,3,Yes
2025-07-04T06:42:56.356Z,OP001,MH01,15.915995108146129,73,terrain,2.4671036497654835,4,29,Yes
2025-07-04T06:42:56.358Z,OP002,MH02,6.05650905400833,55,terrain,3.7352240468953832,1,18,Yes
2025-07-04T06:42:56.359Z,OP003,MH03,5.759956172391597,77,normal,4.440783584225488,3,20,Yes
2025-07-04T06:42:56.360Z,OP004,MH04,13.567745796014384,75,terrain,4.69223159731912,0,28,Yes
2025-07-04T06:42:57.365Z,OP001,MH01,13.552646398757535,59,normal,3.0276231801566937,3,0,Yes
2025-07-04T06:42:57.366Z,OP002,MH02,17.156724797929172,67,rainy,0.30830236732900473,5,7,Yes
2025-07-04T06:42:57.367Z,OP003,MH03,11.67441048940869,57,terrain,2.4801129135978215,3,30,Yes
2025-07-04T06:42:57.368Z,OP004,MH04,17.632464805426295,51,normal,1.0694871235603416,1,19,Yes
2025-07-04T06:42:58.568Z,OP001,MH01,9.45083128428102,40,dusty,0.9652450335006291,1,6,No
2025-07-04T06:42:58.570Z,OP002,MH02,12.656507780037407,57,normal,3.93942040544561,1,10,No
2025-07-04T06:42:58.570Z,OP003,MH03,13.156128779686295,46,rainy,2.1984224498787923,0,20,Yes
2025-07-04T06:42:58.571Z,OP004,MH04,6.033591297681422,76,normal,2.269264521841235,4,15,Yes
2025-07-04T06:42:59.596Z,OP001,MH01,6.131146381131556,67,dusty,3.286383035175372,3,3,No
2025-07-04T06:42:59.598Z,OP002,MH02,11.886697648033794,79,terrain,3.9813589246073056,4,16,Yes
2025-07-04T06:42:59.599Z,OP003,MH03,15.147628274617977,56,normal,2.1357910791087704,4,9,No
2025-07-04T06:42:59.599Z,OP004,MH04,6.782128307833943,44,normal,2.395795007737764,1,10,Yes
2025-07-04T06:43:00.916Z,OP001,MH01,9.883358918874135,63,normal,1.16596121607007,2,4,Yes
2025-07-04T06:43:00.919Z,OP002,MH02,7.388528730294152,91,dusty,3.5519797113951856,4,30,No
2025-07-04T06:43:00.921Z,OP003,MH03,9.870930818880684,49,dusty,3.4474280793433905,3,21,Yes
2025-07-04T06:43:00.923Z,OP004,MH04,8.9071923822707,34,terrain,2.7691316826510852,0,3,No
2025-07-04T06:43:02.010Z,OP001,MH01,15.206434351171328,26,terrain,2.0015151241357727,3,3,Yes
2025-07-04T06:43:02.015Z,OP002,MH02,13.952908739793319,32,terrain,2.9499789579150235,3,4,Yes
2025-07-04T06:43:02.016Z,OP003,MH03,16.9486879060991,39,rainy,3.1403690742094588,2,26,Yes
2025-07-04T06:43:02.017Z,OP004,MH04,12.061777958009,82,rainy,0.6480818065031607,0,2,Yes
2025-07-04T06:43:03.167Z,OP001,MH01,9.380096675441337,75,rainy,2.2667254797277385,1,1,Yes
2025-07-04T06:43:03.169Z,OP002,MH02,16.470855739196466,53,normal,4.188735087634296,0,24,No
2025-07-04T06:43:03.170Z,OP003,MH03,13.795421114593792,26,terrain,0.38063975526365645,5,22,Yes
2025-07-04T06:43:03.171Z,OP004,MH04,7.13389759869164,13,dusty,3.387834880260443,2,15,Yes
2025-07-04T06:43:04.450Z,OP001,MH01,13.485989010645028,66,terrain,2.1606478463027674,5,18,No
2025-07-04T06:43:04.452Z,OP002,MH02,19.980841935898216,99,terrain,4.1005753846444986,3,2,Yes
2025-07-04T06:43:04.452Z,OP003,MH03,13.42116559693941,98,terrain,3.0894235356821573,2,15,No
2025-07-04T06:43:04.452Z,OP004,MH04,14.697240929263755,29,rainy,0.3912187054002564,5,22,Yes
2025-07-04T06:43:05.514Z,OP001,MH01,19.70921060003428,28,terrain,3.48945798726102,5,14,Yes
2025-07-04T06:43:05.516Z,OP002,MH02,14.841095024226307,90,terrain,0.38731385780717054,0,6,Yes
2025-07-04T06:43:05.517Z,OP003,MH03,18.07857190624035,28,terrain,2.075563135904444,2,18,No
2025-07-04T06:43:05.518Z,OP004,MH04,6.136080387022858,44,terrain,2.6619122217691737,2,27,Yes
2025-07-04T06:43:06.612Z,OP001,MH01,13.922266979142877,48,normal,0.12103074238258849,3,15,Yes
2025-07-04T06:43:06.620Z,OP002,MH02,16.552072934823705,57,rainy,0.837396214625577,4,2,Yes
2025-07-04T06:43:06.622Z,OP003,MH03,12.257022825638158,92,terrain,4.066785358053026,4,5,No
2025-07-04T06:43:06.622Z,OP004,MH04,10.502476664990624,53,terrain,0.8663199421064732,3,5,Yes
2025-07-04T06:43:07.603Z,OP001,MH01,7.379272380895901,79,terrain,1.6229734695416687,3,3,Yes
2025-07-04T06:43:07.605Z,OP002,MH02,7.413424528818055,66,normal,4.261219516033995,4,7,No
2025-07-04T06:43:07.605Z,OP003,MH03,5.442009315360646,77,dusty,0.9861676526764679,1,9,Yes
2025-07-04T06:43:07.607Z,OP004,MH04,17.43094425166919,69,rainy,0.14119598744346318,1,26,Yes
2025-07-04T06:43:09.544Z,OP001,MH01,11.054329901455453,20,terrain,0.326482265727987,0,7,No
2025-07-04T06:43:09.547Z,OP002,MH02,12.800713326514067,51,normal,3.3248499955519684,5,23,Yes
2025-07-04T06:43:09.547Z,OP003,MH03,16.951799411442103,51,terrain,3.8906791392546496,5,0,Yes
2025-07-04T06:43:09.547Z,OP004,MH04,17.650017462571594,66,normal,2.6223278892234676,3,9,Yes
2025-07-04T06:43:10.661Z,OP001,MH01,11.539629103022786,64,terrain,3.811529578816122,0,18,Yes
2025-07-04T06:43:10.663Z,OP002,MH02,10.564107967911688,32,dusty,1.9621482775133652,3,6,No
2025-07-04T06:43:10.663Z,OP003,MH03,14.252633368943439,15,dusty,4.484611805263242,2,11,Yes
2025-07-04T06:43:10.663Z,OP004,MH04,8.167665650608999,58,dusty,1.2977124331925638,0,14,Yes
2025-07-04T06:43:11.737Z,OP001,MH01,16.961080127694633,35,dusty,2.7177289492111765,2,24,Yes
2025-07-04T06:43:11.739Z,OP002,MH02,6.962736103800198,69,rainy,1.5832960911824752,0,23,Yes
2025-07-04T06:43:11.739Z,OP003,MH03,5.825572388893772,93,rainy,0.8075358047715436,5,15,Yes
2025-07-04T06:43:11.740Z,OP004,MH04,11.842449932073642,66,rainy,4.252519248851997,3,22,Yes
2025-07-04T06:43:12.889Z,OP001,MH01,17.965729918933057,51,dusty,1.2115404557016551,0,9,Yes
2025-07-04T06:43:12.891Z,OP002,MH02,5.323217750370468,93,terrain,4.485490885705699,1,22,Yes
2025-07-04T06:43:12.892Z,OP003,MH03,14.872823085903793,34,normal,1.3022712227813193,2,0,Yes
2025-07-04T06:43:12.895Z,OP004,MH04,13.489886900599885,79,rainy,4.580995008178154,1,20,Yes
2025-07-04T06:43:14.168Z,OP001,MH01,17.169460392099165,61,rainy,3.500543907950422,3,11,No
2025-07-04T06:43:14.170Z,OP002,MH02,16.47733987907993,39,rainy,4.335847435101801,0,7,Yes
2025-07-04T06:43:14.170Z,OP003,MH03,7.516773020781412,31,terrain,4.011322949446778,5,13,Yes
2025-07-04T06:43:14.171Z,OP004,MH04,14.043197242501865,69,rainy,0.5602623062803613,2,12,No
2025-07-04T06:43:15.303Z,OP001,MH01,14.044234033557611,66,normal,0.8047897484205024,1,18,Yes
2025-07-04T06:43:15.305Z,OP002,MH02,7.142529991008557,57,terrain,0.39194588023224397,2,11,No
2025-07-04T06:43:15.306Z,OP003,MH03,17.932613826038008,95,dusty,4.825041690435283,4,6,Yes
2025-07-04T06:43:15.307Z,OP004,MH04,16.174491224771558,83,rainy,0.9015233951298673,1,7,Yes
2025-07-04T06:43:16.296Z,OP001,MH01,15.681452053410997,31,normal,0.6147715523480335,1,13,Yes
2025-07-04T06:43:16.298Z,OP002,MH02,16.416375229393033,58,dusty,3.383284385436118,0,25,Yes
2025-07-04T06:43:16.299Z,OP003,MH03,7.160083469504887,61,dusty,4.37762201097178,4,25,Yes
2025-07-04T06:43:16.299Z,OP004,MH04,18.123696914425853,17,normal,4.26088276001792,5,11,No
2025-07-04T06:43:17.269Z,OP001,MH01,8.831436224233222,90,dusty,0.12482889984218315,0,18,Yes
2025-07-04T06:43:17.272Z,OP002,MH02,16.933896305292087,68,rainy,1.7998413058486045,4,17,Yes
2025-07-04T06:43:17.272Z,OP003,MH03,7.086850585776385,72,terrain,3.958639448605847,3,17,Yes
2025-07-04T06:43:17.272Z,OP004,MH04,8.525239232334064,28,rainy,4.940313116489964,4,26,No
2025-07-04T06:44:22.752Z,OP001,MH01,5.312429697326625,82,terrain,3.5281178629324077,5,13,Yes
2025-07-04T06:44:22.753Z,OP002,MH02,9.314913337108518,10,dusty,2.5998867108767163,0,14,Yes
2025-07-04T06:44:22.754Z,OP003,MH03,18.51611757195439,11,rainy,0.5726755649107407,5,5,Yes
2025-07-04T06:44:22.754Z,OP004,MH04,9.915429795986972,50,rainy,1.7710877881895015,0,5,Yes
2025-07-04T06:44:23.821Z,OP001,MH01,6.34757569537452,38,normal,3.5323701295294336,3,22,Yes
2025-07-04T06:44:23.823Z,OP002,MH02,11.223134468893608,47,terrain,2.376895139461567,5,16,Yes
2025-07-04T06:44:23.823Z,OP003,MH03,11.31037505998899,37,rainy,1.2351162976005732,1,28,No
2025-07-04T06:44:23.824Z,OP004,MH04,5.0908968761020725,22,dusty,2.678605587425285,3,6,No
2025-07-04T06:44:24.886Z,OP001,MH01,17.30590897654308,69,dusty,2.9612176093618507,1,24,Yes
2025-07-04T06:44:24.888Z,OP002,MH02,7.858648257808623,16,rainy,3.19927226105476,2,29,Yes
2025-07-04T06:44:24.889Z,OP003,MH03,19.7516581109341,12,normal,4.350440402151438,4,20,Yes
2025-07-04T06:44:24.890Z,OP004,MH04,17.60152039031796,27,rainy,2.7975815520922884,2,21,Yes
2025-07-04T06:44:26.031Z,OP001,MH01,17.07971586134223,51,normal,3.8203003907094537,0,12,No
2025-07-04T06:44:26.033Z,OP002,MH02,6.591369699273306,62,terrain,4.3006988316965,5,8,Yes
2025-07-04T06:44:26.033Z,OP003,MH03,14.584412931105676,36,terrain,3.1002027474482174,4,21,Yes
2025-07-04T06:44:26.034Z,OP004,MH04,7.454509410206141,86,normal,4.99829906230835,5,1,Yes
2025-07-04T06:44:27.170Z,OP001,MH01,13.595264180402802,22,terrain,1.4950399146372524,3,27,Yes
2025-07-04T06:44:27.172Z,OP002,MH02,8.399679283382278,25,rainy,3.323482885179636,0,28,Yes
2025-07-04T06:44:27.172Z,OP003,MH03,10.851070286572934,50,rainy,0.6000542860148855,2,28,No
2025-07-04T06:44:27.173Z,OP004,MH04,8.764761280714966,65,dusty,3.375880695039303,2,9,Yes
2025-07-04T06:44:28.294Z,OP001,MH01,14.573699879900772,65,terrain,1.9304964252713586,5,23,Yes
2025-07-04T06:44:28.296Z,OP002,MH02,9.956538402532715,12,rainy,3.9114462251461193,5,3,Yes
2025-07-04T06:44:28.303Z,OP003,MH03,18.830141460656012,36,dusty,0.021451739717979756,3,11,Yes
2025-07-04T06:44:28.304Z,OP004,MH04,10.13695194960338,11,dusty,2.5489727935431628,2,7,No
2025-07-04T06:44:29.413Z,OP001,MH01,19.56084918948949,71,normal,0.0056212616286727135,1,13,Yes
2025-07-04T06:44:29.415Z,OP002,MH02,5.111755012688537,34,normal,2.4799305972094077,1,27,Yes
2025-07-04T06:44:29.415Z,OP003,MH03,8.246179836726057,84,dusty,3.695839399821563,0,28,Yes
2025-07-04T06:44:29.416Z,OP004,MH04,7.924472339452452,44,dusty,0.4853694452371893,1,16,Yes
2025-07-04T06:44:30.660Z,OP001,MH01,15.825558981620995,43,normal,3.791071397645569,5,12,Yes
2025-07-04T06:44:30.662Z,OP002,MH02,12.63364809125041,13,dusty,4.959217497857175,1,17,Yes
2025-07-04T06:44:30.662Z,OP003,MH03,7.034377425076173,34,rainy,1.1161498350594674,0,12,Yes
2025-07-04T06:44:30.663Z,OP004,MH04,5.732126250252031,50,rainy,2.3323334549494574,4,1,Yes
2025-07-04T06:44:31.779Z,OP001,MH01,12.061443911453658,63,rainy,3.0541010317135058,3,28,Yes
2025-07-04T06:44:31.781Z,OP002,MH02,10.232866125808282,35,rainy,3.105546811927349,1,0,Yes
2025-07-04T06:44:31.781Z,OP003,MH03,12.370074238454599,67,terrain,3.873841230741468,1,13,Yes
2025-07-04T06:44:31.782Z,OP004,MH04,8.333213248040392,75,dusty,4.425845663131997,0,17,Yes
2025-07-04T06:44:32.829Z,OP001,MH01,15.725852377620871,34,normal,1.8903991097505923,3,16,Yes
2025-07-04T06:44:32.831Z,OP002,MH02,5.15558857796817,93,dusty,2.6909180207047974,5,16,Yes
2025-07-04T06:44:32.831Z,OP003,MH03,17.290912486753516,10,terrain,3.918426827726951,1,3,Yes
2025-07-04T06:44:32.833Z,OP004,MH04,19.5315363955749,11,dusty,4.820076749292958,0,14,Yes
2025-07-04T06:44:34.013Z,OP001,MH01,9.719355213205425,32,terrain,4.978374194508328,4,7,Yes
2025-07-04T06:44:34.015Z,OP002,MH02,5.800526697157864,23,rainy,2.3163496319935666,4,23,Yes
2025-07-04T06:44:34.021Z,OP003,MH03,19.613525377561054,31,dusty,0.2669442607468947,3,1,Yes
2025-07-04T06:44:34.022Z,OP004,MH04,14.172987888825496,70,dusty,4.377527160190276,3,29,No
2025-07-04T06:44:35.320Z,OP001,MH01,11.649520075881892,45,terrain,0.47908966889220084,1,26,Yes
2025-07-04T06:44:35.321Z,OP002,MH02,8.280294265306612,56,terrain,2.8780194950005304,5,8,Yes
2025-07-04T06:44:35.322Z,OP003,MH03,14.636035275480953,100,normal,2.4654373649725008,1,22,Yes
2025-07-04T06:44:35.322Z,OP004,MH04,13.469202977553685,90,normal,3.5277604437804797,4,5,No
2025-07-04T06:44:36.355Z,OP001,MH01,9.457957904584674,96,normal,0.7889463821357051,2,26,No
2025-07-04T06:44:36.356Z,OP002,MH02,19.382603514514003,56,terrain,3.8242447870705836,0,26,Yes
2025-07-04T06:44:36.356Z,OP003,MH03,17.03932153444628,35,terrain,4.748932237892816,4,25,Yes
2025-07-04T06:44:36.357Z,OP004,MH04,14.108176104983873,22,rainy,0.39030182353284426,0,2,Yes
2025-07-04T06:44:37.603Z,OP001,MH01,19.751029861860758,86,dusty,2.054998264684211,1,20,No
2025-07-04T06:44:37.606Z,OP002,MH02,14.415436558602558,90,rainy,4.12652342623228,1,30,Yes
2025-07-04T06:44:37.609Z,OP003,MH03,8.903636254809697,52,rainy,2.182420853156356,4,26,No
2025-07-04T06:44:37.610Z,OP004,MH04,13.597152742742358,17,normal,0.45454225293031947,3,7,Yes
2025-07-04T06:44:38.816Z,OP001,MH01,11.31175279164826,98,rainy,3.9439542013818962,0,21,Yes
2025-07-04T06:44:38.817Z,OP002,MH02,6.620111348224322,95,terrain,0.756925750075651,4,9,Yes
2025-07-04T06:44:38.818Z,OP003,MH03,16.996119462585618,15,normal,0.576475251727212,4,6,Yes
2025-07-04T06:44:38.818Z,OP004,MH04,13.413540439679432,21,normal,4.843088435436263,4,22,Yes
2025-07-04T06:44:40.082Z,OP001,MH01,5.718949341210223,79,dusty,2.0601537632988016,4,6,Yes
2025-07-04T06:44:40.084Z,OP002,MH02,9.545807229316015,15,dusty,3.8787735184988383,0,11,Yes
2025-07-04T06:44:40.085Z,OP003,MH03,13.195223967164308,89,rainy,3.5315845113498314,0,0,Yes
2025-07-04T06:44:40.085Z,OP004,MH04,18.28917618455538,36,normal,3.705217804323728,0,4,Yes
2025-07-04T06:44:41.056Z,OP001,MH01,10.731061782716374,59,rainy,2.7634307881235625,5,26,Yes
2025-07-04T06:44:41.057Z,OP002,MH02,9.139988389635132,84,rainy,3.1531198421020252,5,7,Yes
2025-07-04T06:44:41.058Z,OP003,MH03,13.656476374088271,74,rainy,4.282270794839716,0,22,No
2025-07-04T06:44:41.062Z,OP004,MH04,16.934989366413248,14,normal,3.639898497368581,0,29,Yes
2025-07-04T06:46:32.673Z,OP001,MH01,13.980834497839428,19,dusty,4.740398873894973,1,13,Yes
2025-07-04T06:46:32.675Z,OP002,MH02,17.9731519347103,47,terrain,0.6904709930264052,5,1,Yes
2025-07-04T06:46:32.675Z,OP003,MH03,5.682158656758166,96,dusty,0.9683145550237343,1,13,Yes
2025-07-04T06:46:32.676Z,OP004,MH04,17.966672947253482,100,rainy,4.772072758111979,3,22,No
2025-07-04T06:46:33.975Z,OP001,MH01,12.770533258355261,54,rainy,3.1124914591576216,0,5,No
2025-07-04T06:46:33.979Z,OP002,MH02,15.912450642913209,52,normal,4.809406151511449,1,8,Yes
2025-07-04T06:46:33.980Z,OP003,MH03,18.57156948853817,67,terrain,0.11758436980674192,4,12,Yes
2025-07-04T06:46:33.980Z,OP004,MH04,17.841186447733637,72,dusty,0.815200814279261,4,1,Yes
2025-07-04T06:46:34.982Z,OP001,MH01,18.147111082922258,54,dusty,0.4404022759749948,5,4,Yes
2025-07-04T06:46:34.983Z,OP002,MH02,5.762370088876706,36,rainy,4.758323275991499,1,10,Yes
2025-07-04T06:46:34.984Z,OP003,MH03,6.324637327078202,66,dusty,1.9283217870803089,4,1,No
2025-07-04T06:46:34.984Z,OP004,MH04,13.656578243666148,93,rainy,4.861854337559004,1,7,Yes
2025-07-04T06:46:35.965Z,OP001,MH01,12.198026816977832,17,normal,3.761800752045774,4,30,No
2025-07-04T06:46:35.966Z,OP002,MH02,16.11131775320065,95,rainy,1.2390044065099848,1,30,Yes
2025-07-04T06:46:35.967Z,OP003,MH03,13.895308636959692,23,dusty,3.3193890288138372,4,20,Yes
2025-07-04T06:46:35.968Z,OP004,MH04,5.501674879368215,68,dusty,0.006825851259551485,5,10,Yes
2025-07-04T06:46:37.038Z,OP001,MH01,6.2679312399488625,58,terrain,1.8195934312078292,3,7,Yes
2025-07-04T06:46:37.040Z,OP002,MH02,9.855832718621842,36,terrain,4.384761836375633,2,23,Yes
2025-07-04T06:46:37.042Z,OP003,MH03,6.904362758009002,31,dusty,4.672197055083189,4,26,Yes
2025-07-04T06:46:37.043Z,OP004,MH04,5.886409698569081,27,normal,3.6841491551215317,0,9,Yes
2025-07-04T06:46:38.057Z,OP001,MH01,16.889322895770597,55,terrain,0.46719512082273096,0,7,Yes
2025-07-04T06:46:38.059Z,OP002,MH02,8.855519298888272,78,rainy,3.7124865198590182,3,18,Yes
2025-07-04T06:46:38.064Z,OP003,MH03,9.528371672947294,45,normal,1.6800573535234076,5,16,Yes
2025-07-04T06:46:38.066Z,OP004,MH04,11.501038515059395,60,terrain,2.784453569143812,4,25,Yes
2025-07-04T06:46:39.344Z,OP001,MH01,16.69658572163154,73,terrain,1.7253693221253563,5,8,Yes
2025-07-04T06:46:39.347Z,OP002,MH02,11.093322877085406,42,rainy,1.5799221911072787,5,29,Yes
2025-07-04T06:46:39.348Z,OP003,MH03,6.868978092302598,81,rainy,4.504996814610766,5,27,No
2025-07-04T06:46:39.349Z,OP004,MH04,5.207586705595934,83,normal,1.0581150782247684,1,23,Yes
2025-07-04T06:46:40.410Z,OP001,MH01,13.565555773825785,80,terrain,4.786094940254629,1,0,Yes
2025-07-04T06:46:40.411Z,OP002,MH02,10.537582888725144,91,terrain,3.617253117665679,0,22,Yes
2025-07-04T06:46:40.411Z,OP003,MH03,11.83033912035136,13,rainy,4.731187577076827,4,1,Yes
2025-07-04T06:46:40.412Z,OP004,MH04,5.751735587651599,54,dusty,1.619920469438953,3,19,No
2025-07-04T06:46:41.451Z,OP001,MH01,13.673623205210149,30,terrain,0.8927201820227088,4,11,Yes
2025-07-04T06:46:41.452Z,OP002,MH02,9.67773918680966,80,dusty,2.2050427966872226,5,14,Yes
2025-07-04T06:46:41.453Z,OP003,MH03,12.71905218781471,82,dusty,3.3154489581716975,4,11,Yes
2025-07-04T06:46:41.453Z,OP004,MH04,9.390429305178394,66,normal,2.8507696196686845,0,19,Yes
2025-07-04T06:46:42.593Z,OP001,MH01,18.253817953144328,49,rainy,3.277878206300059,1,29,Yes
2025-07-04T06:46:42.594Z,OP002,MH02,7.126890511230805,74,terrain,2.1308348471050707,2,19,Yes
2025-07-04T06:46:42.595Z,OP003,MH03,15.939521888145267,77,dusty,2.588429761542404,0,2,Yes
2025-07-04T06:46:42.595Z,OP004,MH04,8.556830622588405,20,normal,3.5113362367525784,1,29,Yes
2025-07-04T06:46:43.607Z,OP001,MH01,9.037241583348811,13,terrain,1.778382178048331,2,7,Yes
2025-07-04T06:46:43.608Z,OP002,MH02,19.072058414227705,97,dusty,3.507176004474648,2,25,Yes
2025-07-04T06:46:43.609Z,OP003,MH03,5.394226995388237,58,normal,4.842459806927907,1,22,Yes
2025-07-04T06:46:43.609Z,OP004,MH04,7.734399726202408,96,normal,3.186014619329832,4,15,No
2025-07-04T06:46:45.095Z,OP001,MH01,9.357016985607196,80,terrain,2.1752325933975394,2,24,Yes
2025-07-04T06:46:45.097Z,OP002,MH02,13.371243645458144,69,rainy,0.1535697697689936,2,15,Yes
2025-07-04T06:46:45.098Z,OP003,MH03,15.60430704723089,83,dusty,3.7846014289800474,1,23,Yes
2025-07-04T06:46:45.099Z,OP004,MH04,11.657515853563332,41,dusty,2.286995188752093,0,12,Yes
2025-07-04T06:47:12.987Z,OP001,MH01,17.4663113997145,76,normal,4.352997415820477,1,13,Yes
2025-07-04T06:47:12.988Z,OP002,MH02,16.91015303652373,81,normal,4.163817393229991,5,23,Yes
2025-07-04T06:47:12.990Z,OP003,MH03,14.676842865688593,69,terrain,2.646888513387266,4,20,Yes
2025-07-04T06:47:12.991Z,OP004,MH04,8.609321174749592,25,rainy,4.7978069110595,0,10,Yes
2025-07-04T06:47:13.964Z,OP001,MH01,9.206173206160436,47,normal,1.1194097835065757,5,10,Yes
2025-07-04T06:47:13.966Z,OP002,MH02,16.12514727360869,59,normal,0.14444385146681837,1,13,Yes
2025-07-04T06:47:13.968Z,OP003,MH03,10.161685419723478,21,dusty,1.6332544744449096,4,23,Yes
2025-07-04T06:47:13.969Z,OP004,MH04,13.984597408812183,74,rainy,3.2807401667401193,1,8,Yes
2025-07-04T06:47:14.889Z,OP001,MH01,13.047138275187056,50,rainy,3.8979325254805834,2,19,Yes
2025-07-04T06:47:14.890Z,OP002,MH02,13.426999044170854,70,rainy,1.8984779515042454,2,12,Yes
2025-07-04T06:47:14.891Z,OP003,MH03,8.586162248284442,10,normal,1.4316046413085552,1,3,Yes
2025-07-04T06:47:14.891Z,OP004,MH04,10.61643789243784,92,rainy,2.6008679677726683,2,23,Yes
2025-07-04T06:47:15.855Z,OP001,MH01,11.056370837841715,31,normal,2.574479795993435,3,20,Yes
2025-07-04T06:47:15.857Z,OP002,MH02,10.388252682487453,72,dusty,0.5644085640109298,3,3,Yes
2025-07-04T06:47:15.858Z,OP003,MH03,16.968933375260377,24,normal,1.764636271240982,4,21,Yes
2025-07-04T06:47:15.860Z,OP004,MH04,19.262037969472036,61,normal,3.287150272444548,2,12,Yes
2025-07-04T06:50:40.802Z,OP001,MH01,11.11212670724384,78,normal,3.5650236382553824,4,13,No
2025-07-04T06:50:40.805Z,OP002,MH02,10.227584683561954,45,terrain,1.9585735229001981,0,15,No
2025-07-04T06:50:40.805Z,OP003,MH03,7.135875691441761,84,rainy,1.2885926694552818,2,27,No
2025-07-04T06:50:40.806Z,OP004,MH04,11.802014208607197,74,dusty,1.166135962852265,2,29,Yes
2025-07-04T06:50:43.553Z,OP001,MH01,19.362077056047752,91,terrain,4.752573541542601,5,27,Yes
2025-07-04T06:50:43.555Z,OP002,MH02,7.414963223028359,49,terrain,0.6241603727148815,3,14,Yes
2025-07-04T06:50:43.556Z,OP003,MH03,7.364206830047588,76,terrain,1.7917857736310676,4,14,Yes
2025-07-04T06:50:43.568Z,OP004,MH04,5.916442520901764,81,dusty,3.1073071573639144,5,27,Yes
2025-07-04T06:50:47.710Z,OP001,MH01,10.450835222003374,69,normal,2.1413291384646445,0,12,Yes
2025-07-04T06:50:47.711Z,OP002,MH02,14.484622812704432,58,normal,3.0091327672756623,5,4,Yes
2025-07-04T06:50:47.712Z,OP003,MH03,10.044818308962974,97,dusty,1.923436293134913,5,14,No
2025-07-04T06:50:47.712Z,OP004,MH04,9.540841088680594,19,terrain,2.18120936029472,0,3,Yes
2025-07-04T06:50:49.887Z,OP001,MH01,11.598807674094708,93,normal,0.5466718632723577,1,6,Yes
2025-07-04T06:50:49.889Z,OP002,MH02,12.937451038668721,19,rainy,4.504197057650873,2,8,Yes
2025-07-04T06:50:49.889Z,OP003,MH03,10.697009918695866,97,rainy,3.5909732495337017,4,28,Yes
2025-07-04T06:50:49.890Z,OP004,MH04,7.428970196168939,66,rainy,4.7571616278446065,0,9,Yes
2025-07-04T06:50:54.285Z,OP001,MH01,8.684929075909382,65,terrain,0.7981271728504724,1,4,No
2025-07-04T06:50:54.286Z,OP002,MH02,5.385519232192634,20,normal,0.4066855099856792,4,13,Yes
2025-07-04T06:50:54.287Z,OP003,MH03,16.979880993291147,15,terrain,1.4082343796478214,3,12,Yes
2025-07-04T06:50:54.287Z,OP004,MH04,14.33668339932633,27,normal,3.2992992556069654,4,8,Yes
2025-07-04T06:50:56.433Z,OP001,MH01,5.131354064645478,77,terrain,1.8796122449312684,0,10,Yes
2025-07-04T06:50:56.436Z,OP002,MH02,11.371786424059989,60,terrain,3.5337071721044087,1,5,Yes
2025-07-04T06:50:56.436Z,OP003,MH03,9.836718998947376,99,normal,1.3283656456036674,5,22,Yes
2025-07-04T06:50:56.437Z,OP004,MH04,16.159284438054545,91,normal,1.3896722474807488,1,8,Yes
2025-07-04T06:50:59.339Z,OP001,MH01,5.017577643583211,79,rainy,0.9250201785050771,5,8,Yes
2025-07-04T06:50:59.341Z,OP002,MH02,11.459113274915023,66,dusty,3.9652859159848757,0,28,Yes
2025-07-04T06:50:59.341Z,OP003,MH03,9.299369935144234,47,normal,4.238287707099446,1,21,Yes
2025-07-04T06:50:59.342Z,OP004,MH04,7.174200107804152,42,rainy,4.489681232210422,0,24,Yes
2025-07-04T06:51:01.721Z,OP001,MH01,5.991179129586745,79,dusty,0.02158396618575975,4,30,Yes
2025-07-04T06:51:01.723Z,OP002,MH02,13.746072931797693,23,normal,3.8535587448318633,4,8,Yes
2025-07-04T06:51:01.724Z,OP003,MH03,8.71702802588554,80,dusty,2.7900588570909375,1,28,Yes
2025-07-04T06:51:01.725Z,OP004,MH04,5.256274973941207,95,rainy,3.6854567785655905,3,25,Yes
2025-07-04T06:51:04.164Z,OP001,MH01,11.228385894101383,63,rainy,3.103022033773495,3,8,Yes
2025-07-04T06:51:04.167Z,OP002,MH02,15.80820699453224,67,dusty,1.8856149879681499,4,18,Yes
2025-07-04T06:51:04.168Z,OP003,MH03,18.891503376620157,83,normal,2.1239178327187203,0,26,Yes
2025-07-04T06:51:04.169Z,OP004,MH04,12.696361378365886,92,rainy,4.423271092144226,3,24,Yes
2025-07-04T06:51:06.624Z,OP001,MH01,9.337158815671465,38,normal,4.298167705747434,4,28,Yes
2025-07-04T06:51:06.626Z,OP002,MH02,9.595154165167248,45,normal,2.099099457137764,2,17,Yes
2025-07-04T06:51:06.627Z,OP003,MH03,17.054917275855093,12,dusty,2.112041041866476,0,13,Yes
2025-07-04T06:51:06.628Z,OP004,MH04,6.35367644175764,25,rainy,0.5236683651826884,1,28,Yes
2025-07-04T06:51:11.002Z,OP001,MH01,13.937606100160847,87,normal,3.550775234752646,0,22,Yes
2025-07-04T06:51:11.005Z,OP002,MH02,18.905357965349076,75,dusty,0.7652039802511329,1,28,Yes
2025-07-04T06:51:11.006Z,OP003,MH03,6.425917753454158,94,terrain,3.397599612603805,5,14,Yes
2025-07-04T06:51:11.006Z,OP004,MH04,17.695594763594833,42,terrain,2.1283844409928045,0,15,Yes
2025-07-04T06:51:13.205Z,OP001,MH01,17.48756171058643,38,dusty,0.0009459219979707223,0,26,Yes
2025-07-04T06:51:13.207Z,OP002,MH02,13.732618380008095,57,rainy,1.3353482338437832,4,5,Yes
2025-07-04T06:51:13.207Z,OP003,MH03,13.599503826020612,28,rainy,0.2345454630581023,0,4,Yes
2025-07-04T06:51:13.208Z,OP004,MH04,6.889606107544303,42,rainy,1.1314855969537563,4,22,Yes
2025-07-04T06:51:15.511Z,OP001,MH01,8.215999237651387,83,terrain,0.4209759696450305,0,23,Yes
2025-07-04T06:51:15.514Z,OP002,MH02,16.188082083436036,15,terrain,0.7839765381602742,3,28,Yes
2025-07-04T06:51:15.515Z,OP003,MH03,10.414792106821078,30,normal,3.1358247219667796,3,14,No
2025-07-04T06:51:15.515Z,OP004,MH04,17.763659920822242,76,normal,2.75662968826673,0,25,Yes
2025-07-04T06:51:17.698Z,OP001,MH01,6.4510534869460905,93,rainy,3.7527219120657094,2,15,Yes
2025-07-04T06:51:17.700Z,OP002,MH02,14.983685129230006,75,terrain,2.923383539728949,3,10,Yes
2025-07-04T06:51:17.701Z,OP003,MH03,10.374077763982559,57,dusty,2.78325514343004,3,12,No
2025-07-04T06:51:17.702Z,OP004,MH04,14.985513335131266,72,dusty,0.11171325964247802,4,26,Yes
2025-07-04T06:51:19.958Z,OP001,MH01,15.375645957466347,77,rainy,1.8303676929862651,2,4,Yes
2025-07-04T06:51:19.960Z,OP002,MH02,6.882176564666169,24,terrain,0.8554653260612477,0,16,Yes
2025-07-04T06:51:19.961Z,OP003,MH03,9.160029029802438,60,dusty,2.8974563501775097,5,0,Yes
2025-07-04T06:51:19.961Z,OP004,MH04,10.982454742750633,73,normal,4.272060943630707,5,28,Yes
2025-07-04T06:51:22.932Z,OP001,MH01,13.180471343827243,35,normal,0.3906959060629972,5,17,Yes
2025-07-04T06:51:22.935Z,OP002,MH02,11.105225153233208,13,rainy,0.5088542074988733,3,10,No
2025-07-04T06:51:22.936Z,OP003,MH03,10.273360652890128,79,dusty,3.2077435924468207,5,25,Yes
2025-07-04T06:51:22.936Z,OP004,MH04,9.839697027992894,95,dusty,3.7278786630608,0,19,Yes
2025-07-04T06:51:25.348Z,OP001,MH01,11.319072396917303,57,terrain,0.46717170491877624,5,1,No
2025-07-04T06:51:25.350Z,OP002,MH02,8.826657063133108,19,dusty,2.9739472463472305,0,8,Yes
2025-07-04T06:51:25.350Z,OP003,MH03,14.254262865313327,78,terrain,1.575213866418862,2,27,Yes
2025-07-04T06:51:25.351Z,OP004,MH04,19.06369113950618,93,dusty,0.7783618757072275,2,3,No
2025-07-04T06:51:27.465Z,OP001,MH01,12.256344599649406,50,terrain,2.11105611935747,1,17,Yes
2025-07-04T06:51:27.466Z,OP002,MH02,19.635126924322705,60,terrain,2.8201287574308145,5,12,Yes
2025-07-04T06:51:27.467Z,OP003,MH03,10.013732567989415,50,terrain,4.614443560025114,3,26,Yes
2025-07-04T06:51:27.468Z,OP004,MH04,15.464134919756207,73,dusty,0.9467508618086251,5,3,Yes
2025-07-04T06:51:29.508Z,OP001,MH01,11.694640868166385,76,normal,3.8862762254721033,0,13,Yes
2025-07-04T06:51:29.511Z,OP002,MH02,9.885470317368968,97,terrain,0.862635741854586,2,21,Yes
2025-07-04T06:51:29.512Z,OP003,MH03,15.509141345184542,77,dusty,2.7697413060330422,0,18,Yes
2025-07-04T06:51:29.513Z,OP004,MH04,19.481384730753533,10,terrain,4.179489884123628,0,12,Yes
2025-07-04T06:51:32.123Z,OP001,MH01,16.77502219740417,98,rainy,3.78430928035963,4,3,Yes
2025-07-04T06:51:32.126Z,OP002,MH02,18.739010130767113,85,terrain,1.039051635687841,2,23,Yes
2025-07-04T06:51:32.127Z,OP003,MH03,8.530202043767362,33,dusty,3.3715917632650614,2,28,Yes
2025-07-04T06:51:32.127Z,OP004,MH04,5.545367972944916,44,normal,2.533241569010369,3,22,No
